{
  "label": "baseline",
  "train": {
    "accuracy": 0.9808865865462506,
    "balanced_accuracy": 0.9812049135202371,
    "f1_macro": 0.976703622161085,
    "f1_weighted": 0.9810234704152981,
    "mcc": 0.9692461949110632,
    "roc_auc_ovr_macro": 0.9993833263302218
  },
  "test": {
    "accuracy": 0.9820291372241123,
    "balanced_accuracy": 0.9824942731651604,
    "f1_macro": 0.9782010556168137,
    "f1_weighted": 0.982150523745575,
    "mcc": 0.9710693945249192,
    "roc_auc_ovr_macro": 0.999377053404319
  },
  "gap": {
    "accuracy_gap": -0.0011425506778617311,
    "balanced_accuracy_gap": -0.0012893596449232714,
    "f1_macro_gap": -0.001497433455728725,
    "f1_weighted_gap": -0.0011270533302768504,
    "mcc_gap": -0.0018231996138560191,
    "roc_auc_gap": 6.272925902717219e-06
  }
}