{
  "label": "otimizado",
  "train": {
    "accuracy": 0.9800765201208037,
    "balanced_accuracy": 0.9779581712867688,
    "f1_macro": 0.9756379034815899,
    "f1_weighted": 0.9801778238061531,
    "mcc": 0.9677507672908845,
    "roc_auc_ovr_macro": 0.9991914530035482
  },
  "test": {
    "accuracy": 0.9811470722227069,
    "balanced_accuracy": 0.9788776952900909,
    "f1_macro": 0.9769450215154518,
    "f1_weighted": 0.9812293504635878,
    "mcc": 0.9694618817902948,
    "roc_auc_ovr_macro": 0.999191266932674
  },
  "gap": {
    "accuracy_gap": -0.0010705521019032105,
    "balanced_accuracy_gap": -0.0009195240033221808,
    "f1_macro_gap": -0.0013071180338619648,
    "f1_weighted_gap": -0.001051526657434687,
    "mcc_gap": -0.0017111144994103045,
    "roc_auc_gap": 1.8607087415301038e-07
  }
}