{
  "label": "mlp_baseline",
  "train": {
    "accuracy": 0.959047619047619,
    "balanced_accuracy": 0.9490265454436188,
    "f1_macro": 0.9513024451779849,
    "f1_weighted": 0.9588426824749556,
    "mcc": 0.9333527935378317,
    "roc_auc_ovr_macro": 0.9937571585581315
  },
  "test": {
    "accuracy": 0.9622222222222222,
    "balanced_accuracy": 0.9490105920536601,
    "f1_macro": 0.9540595715577639,
    "f1_weighted": 0.9618087219726169,
    "mcc": 0.9388886286640881,
    "roc_auc_ovr_macro": 0.985458521684908
  },
  "gap": {
    "accuracy_gap": -0.0031746031746031633,
    "balanced_accuracy_gap": 1.5953389958633934e-05,
    "f1_macro_gap": -0.0027571263797789847,
    "f1_weighted_gap": -0.002966039497661277,
    "mcc_gap": -0.005535835126256328,
    "roc_auc_gap": 0.00829863687322352
  }
}