{
  "label": "rf_baseline",
  "train": {
    "accuracy": 0.9964285714285714,
    "balanced_accuracy": 0.9949520072219459,
    "f1_macro": 0.9949520072219459,
    "f1_weighted": 0.9964285714285714,
    "mcc": 0.9941943041977254,
    "roc_auc_ovr_macro": 0.9999778584740836
  },
  "test": {
    "accuracy": 0.9583333333333334,
    "balanced_accuracy": 0.9495869112672392,
    "f1_macro": 0.9485833844088375,
    "f1_weighted": 0.9583176458570469,
    "mcc": 0.9325432078874769,
    "roc_auc_ovr_macro": 0.9949730732543781
  },
  "gap": {
    "accuracy_gap": 0.03809523809523807,
    "balanced_accuracy_gap": 0.045365095954706725,
    "f1_macro_gap": 0.046368622813108384,
    "f1_weighted_gap": 0.03811092557152451,
    "mcc_gap": 0.061651096310248454,
    "roc_auc_gap": 0.005004785219705488
  }
}