{
  "label": "mlp_baseline",
  "train": {
    "accuracy": 0.9751190476190477,
    "balanced_accuracy": 0.9767367997158298,
    "f1_macro": 0.9708365239624367,
    "f1_weighted": 0.9753499813436391,
    "mcc": 0.960079626985779,
    "roc_auc_ovr_macro": 0.9985276743925123
  },
  "test": {
    "accuracy": 0.9752777777777778,
    "balanced_accuracy": 0.9761538738381829,
    "f1_macro": 0.9714067229573908,
    "f1_weighted": 0.9754544674628993,
    "mcc": 0.9601896677532554,
    "roc_auc_ovr_macro": 0.9953519731286179
  },
  "gap": {
    "accuracy_gap": -0.00015873015873013596,
    "balanced_accuracy_gap": 0.000582925877646967,
    "f1_macro_gap": -0.0005701989949541408,
    "f1_weighted_gap": -0.00010448611926017204,
    "mcc_gap": -0.0001100407674764492,
    "roc_auc_gap": 0.003175701263894437
  }
}