{
  "label": "rf_baseline",
  "train": {
    "accuracy": 0.9948809523809524,
    "balanced_accuracy": 0.9941814454084584,
    "f1_macro": 0.9934690554777458,
    "f1_weighted": 0.9948870671365835,
    "mcc": 0.9916928371299477,
    "roc_auc_ovr_macro": 0.9999495825298315
  },
  "test": {
    "accuracy": 0.9844444444444445,
    "balanced_accuracy": 0.9813947074558321,
    "f1_macro": 0.9806531591702764,
    "f1_weighted": 0.9844654965024557,
    "mcc": 0.9747438203024037,
    "roc_auc_ovr_macro": 0.9995085614316018
  },
  "gap": {
    "accuracy_gap": 0.010436507936507966,
    "balanced_accuracy_gap": 0.012786737952626304,
    "f1_macro_gap": 0.012815896307469377,
    "f1_weighted_gap": 0.010421570634127741,
    "mcc_gap": 0.016949016827544017,
    "roc_auc_gap": 0.00044102109822963254
  }
}