{
  "label": "baseline",
  "train": {
    "accuracy": 0.9644047619047619,
    "balanced_accuracy": 0.9680385318973412,
    "f1_macro": 0.9599220209623893,
    "f1_weighted": 0.9646025317876207,
    "mcc": 0.9434447219443799,
    "roc_auc_ovr_macro": 0.99748565021874
  },
  "test": {
    "accuracy": 0.9658333333333333,
    "balanced_accuracy": 0.9682156935750871,
    "f1_macro": 0.9612588886192749,
    "f1_weighted": 0.9659993856486828,
    "mcc": 0.9454028960867812,
    "roc_auc_ovr_macro": 0.9951999242429248
  },
  "gap": {
    "accuracy_gap": -0.0014285714285714457,
    "balanced_accuracy_gap": -0.00017716167774584068,
    "f1_macro_gap": -0.0013368676568855653,
    "f1_weighted_gap": -0.0013968538610621417,
    "mcc_gap": -0.001958174142401292,
    "roc_auc_gap": 0.0022857259758152226
  }
}