{
  "label": "mlp_baseline",
  "train": {
    "accuracy": 0.9414285714285714,
    "balanced_accuracy": 0.932558155156547,
    "f1_macro": 0.9343216830871343,
    "f1_weighted": 0.9411201137645707,
    "mcc": 0.9053017600658355,
    "roc_auc_ovr_macro": 0.9937787998640982
  },
  "test": {
    "accuracy": 0.9666666666666667,
    "balanced_accuracy": 0.9647772518969274,
    "f1_macro": 0.9617295433688021,
    "f1_weighted": 0.9668338418037056,
    "mcc": 0.9464078102466704,
    "roc_auc_ovr_macro": 0.9927537002830201
  },
  "gap": {
    "accuracy_gap": -0.02523809523809528,
    "balanced_accuracy_gap": -0.03221909674038037,
    "f1_macro_gap": -0.027407860281667862,
    "f1_weighted_gap": -0.025713728039134853,
    "mcc_gap": -0.04110605018083491,
    "roc_auc_gap": 0.0010250995810781038
  }
}