{
  "label": "rf_baseline",
  "train": {
    "accuracy": 0.9885714285714285,
    "balanced_accuracy": 0.9882648503046303,
    "f1_macro": 0.9868063509372571,
    "f1_weighted": 0.9886039303018447,
    "mcc": 0.9815015563333771,
    "roc_auc_ovr_macro": 0.9998720126109989
  },
  "test": {
    "accuracy": 0.9733333333333334,
    "balanced_accuracy": 0.9758883630080385,
    "f1_macro": 0.9703898508441186,
    "f1_weighted": 0.9735115006932354,
    "mcc": 0.9571701954160345,
    "roc_auc_ovr_macro": 0.99832516088838
  },
  "gap": {
    "accuracy_gap": 0.015238095238095162,
    "balanced_accuracy_gap": 0.012376487296591798,
    "f1_macro_gap": 0.016416500093138553,
    "f1_weighted_gap": 0.015092429608609237,
    "mcc_gap": 0.02433136091734256,
    "roc_auc_gap": 0.001546851722618925
  }
}