{
  "label": "rf_baseline",
  "train": {
    "accuracy": 0.9904761904761905,
    "balanced_accuracy": 0.9880050488790654,
    "f1_macro": 0.9872983676229112,
    "f1_weighted": 0.9904920588925225,
    "mcc": 0.9845388219254854,
    "roc_auc_ovr_macro": 0.9998833154029785
  },
  "test": {
    "accuracy": 0.9688888888888889,
    "balanced_accuracy": 0.971832297248751,
    "f1_macro": 0.964983911452087,
    "f1_weighted": 0.9691538542441374,
    "mcc": 0.9501105253056937,
    "roc_auc_ovr_macro": 0.9985577569988816
  },
  "gap": {
    "accuracy_gap": 0.0215873015873016,
    "balanced_accuracy_gap": 0.016172751630314397,
    "f1_macro_gap": 0.02231445617082428,
    "f1_weighted_gap": 0.021338204648385095,
    "mcc_gap": 0.03442829661979163,
    "roc_auc_gap": 0.0013255584040968715
  }
}