{
  "label": "baseline",
  "train": {
    "accuracy": 0.9728571428571429,
    "balanced_accuracy": 0.9763738127544098,
    "f1_macro": 0.9682521390504575,
    "f1_weighted": 0.9732246656820169,
    "mcc": 0.9567752415193632,
    "roc_auc_ovr_macro": 0.9985019213081182
  },
  "test": {
    "accuracy": 0.97,
    "balanced_accuracy": 0.9719033073694577,
    "f1_macro": 0.9648392855497253,
    "f1_weighted": 0.9703790215636702,
    "mcc": 0.9520138032991049,
    "roc_auc_ovr_macro": 0.9955508458288594
  },
  "gap": {
    "accuracy_gap": 0.0028571428571428914,
    "balanced_accuracy_gap": 0.004470505384952084,
    "f1_macro_gap": 0.0034128535007321714,
    "f1_weighted_gap": 0.0028456441183467573,
    "mcc_gap": 0.004761438220258318,
    "roc_auc_gap": 0.002951075479258769
  }
}